video-0.mp4,0
video-1.mp4,1
video-2.mp4,2
video-3.mp4,3
video-4.mp4,4
video-5.mp4,5
video-6.mp4,6
video-7.mp4,7
video-8.mp4,8
video-9.mp4,9
video-10.mp4,10
video-11.mp4,11
video-12.mp4,12
video-13.mp4,13
video-14.mp4,14
video-15.mp4,15
video-16.mp4,16
video-17.mp4,17
video-18.mp4,18
video-19.mp4,19
video-20.mp4,20
video-21.mp4,21
video-22.mp4,22
video-23.mp4,23
video-24.mp4,24
video-25.mp4,25
video-26.mp4,26
video-27.mp4,27
video-28.mp4,28
video-29.mp4,29
video-30.mp4,30
video-31.mp4,31
video-32.mp4,32
video-33.mp4,33
video-34.mp4,34
video-35.mp4,35
video-36.mp4,36
video-37.mp4,37
video-38.mp4,38
video-39.mp4,39
video-40.mp4,40
video-41.mp4,41
video-42.mp4,42
video-43.mp4,43
video-44.mp4,44
video-45.mp4,45
video-46.mp4,46
video-47.mp4,47
video-48.mp4,48
video-49.mp4,49
video-50.mp4,50
video-51.mp4,51
video-52.mp4,52
video-53.mp4,53
video-54.mp4,54
video-55.mp4,55
video-56.mp4,56
video-57.mp4,57
video-58.mp4,58
video-59.mp4,59
video-60.mp4,60
video-61.mp4,61
video-62.mp4,62
video-63.mp4,63
video-64.mp4,64
video-65.mp4,65
video-66.mp4,66
video-67.mp4,67
video-68.mp4,68
video-69.mp4,69
video-70.mp4,70
video-71.mp4,71
video-72.mp4,72
video-73.mp4,73
video-74.mp4,74
video-75.mp4,75
video-76.mp4,76
video-77.mp4,77
video-78.mp4,78
video-79.mp4,79
video-80.mp4,80
video-81.mp4,81
video-82.mp4,82
video-83.mp4,83
video-84.mp4,84
video-85.mp4,85
video-86.mp4,86
video-87.mp4,87
video-88.mp4,88
video-89.mp4,89
video-90.mp4,90
video-91.mp4,91
video-92.mp4,92
video-93.mp4,93
video-94.mp4,94
video-95.mp4,95
video-96.mp4,96
video-97.mp4,97
video-98.mp4,98
video-99.mp4,99