video-0,0,Answer 0
video-1,1,Answer 1
video-2,2,Answer 2
video-3,3,Answer 3
video-4,4,Answer 4
video-5,5,Answer 5
video-6,6,Answer 6
video-7,7,Answer 7
video-8,8,Answer 8
video-9,9,Answer 9
video-10,10,Answer 10
video-11,11,Answer 11
video-12,12,Answer 12
video-13,13,Answer 13
video-14,14,Answer 14
video-15,15,Answer 15
video-16,16,Answer 16
video-17,17,Answer 17
video-18,18,Answer 18
video-19,19,Answer 19
video-20,20,Answer 20
video-21,21,Answer 21
video-22,22,Answer 22
video-23,23,Answer 23
video-24,24,Answer 24
video-25,25,Answer 25
video-26,26,Answer 26
video-27,27,Answer 27
video-28,28,Answer 28
video-29,29,Answer 29
video-30,30,Answer 30
video-31,31,Answer 31
video-32,32,Answer 32
video-33,33,Answer 33
video-34,34,Answer 34
video-35,35,Answer 35
video-36,36,Answer 36
video-37,37,Answer 37
video-38,38,Answer 38
video-39,39,Answer 39
video-40,40,Answer 40
video-41,41,Answer 41
video-42,42,Answer 42
video-43,43,Answer 43
video-44,44,Answer 44
video-45,45,Answer 45
video-46,46,Answer 46
video-47,47,Answer 47
video-48,48,Answer 48
video-49,49,Answer 49
video-50,50,Answer 50
video-51,51,Answer 51
video-52,52,Answer 52
video-53,53,Answer 53
video-54,54,Answer 54
video-55,55,Answer 55
video-56,56,Answer 56
video-57,57,Answer 57
video-58,58,Answer 58
video-59,59,Answer 59
video-60,60,Answer 60
video-61,61,Answer 61
video-62,62,Answer 62
video-63,63,Answer 63
video-64,64,Answer 64
video-65,65,Answer 65
video-66,66,Answer 66
video-67,67,Answer 67
video-68,68,Answer 68
video-69,69,Answer 69
video-70,70,Answer 70
video-71,71,Answer 71
video-72,72,Answer 72
video-73,73,Answer 73
video-74,74,Answer 74
video-75,75,Answer 75
video-76,76,Answer 76
video-77,77,Answer 77
video-78,78,Answer 78
video-79,79,Answer 79
video-80,80,Answer 80
video-81,81,Answer 81
video-82,82,Answer 82
video-83,83,Answer 83
video-84,84,Answer 84
video-85,85,Answer 85
video-86,86,Answer 86
video-87,87,Answer 87
video-88,88,Answer 88
video-89,89,Answer 89
video-90,90,Answer 90
video-91,91,Answer 91
video-92,92,Answer 92
video-93,93,Answer 93
video-94,94,Answer 94
video-95,95,Answer 95
video-96,96,Answer 96
video-97,97,Answer 97
video-98,98,Answer 98
video-99,99,Answer 99